ColumnName,ColumnType
ImageNumber,metadata
ObjectNumber,metadata
Metadata_CMPD,metadata
Metadata_CONC,metadata
Metadata_COND,metadata
Metadata_Channel,metadata
Metadata_Expt,metadata
Metadata_FieldID,metadata
Metadata_FileLocation,metadata
Metadata_Folder,metadata
Metadata_Frame,metadata
Metadata_Plate,metadata
Metadata_Plate.1,metadata
Metadata_PlateID,metadata
Metadata_Series,metadata
Metadata_WellID,metadata
Metadata_WellID.1,metadata
Metadata_path,metadata
Cell_AreaShape_Area,feature
Cell_AreaShape_BoundingBoxArea,feature
Cell_AreaShape_BoundingBoxMaximum_X,feature
Cell_AreaShape_BoundingBoxMaximum_Y,feature
Cell_AreaShape_BoundingBoxMinimum_X,feature
Cell_AreaShape_BoundingBoxMinimum_Y,feature
Cell_AreaShape_Center_X,metadata
Cell_AreaShape_Center_Y,metadata
Cell_AreaShape_CentralMoment_0_0,feature
Cell_AreaShape_CentralMoment_0_1,feature
Cell_AreaShape_CentralMoment_0_2,feature
Cell_AreaShape_CentralMoment_0_3,feature
Cell_AreaShape_CentralMoment_1_0,feature
Cell_AreaShape_CentralMoment_1_1,feature
Cell_AreaShape_CentralMoment_1_2,feature
Cell_AreaShape_CentralMoment_1_3,feature
Cell_AreaShape_CentralMoment_2_0,feature
Cell_AreaShape_CentralMoment_2_1,feature
Cell_AreaShape_CentralMoment_2_2,feature
Cell_AreaShape_CentralMoment_2_3,feature
Cell_AreaShape_Compactness,feature
Cell_AreaShape_ConvexArea,feature
Cell_AreaShape_Eccentricity,feature
Cell_AreaShape_EquivalentDiameter,feature
Cell_AreaShape_EulerNumber,feature
Cell_AreaShape_Extent,feature
Cell_AreaShape_FormFactor,feature
Cell_AreaShape_HuMoment_0,feature
Cell_AreaShape_HuMoment_1,feature
Cell_AreaShape_HuMoment_2,feature
Cell_AreaShape_HuMoment_3,feature
Cell_AreaShape_HuMoment_4,feature
Cell_AreaShape_HuMoment_5,feature
Cell_AreaShape_HuMoment_6,feature
Cell_AreaShape_InertiaTensorEigenvalues_0,feature
Cell_AreaShape_InertiaTensorEigenvalues_1,feature
Cell_AreaShape_InertiaTensor_0_0,feature
Cell_AreaShape_InertiaTensor_0_1,feature
Cell_AreaShape_InertiaTensor_1_0,feature
Cell_AreaShape_InertiaTensor_1_1,feature
Cell_AreaShape_MajorAxisLength,feature
Cell_AreaShape_MaxFeretDiameter,feature
Cell_AreaShape_MaximumRadius,feature
Cell_AreaShape_MeanRadius,feature
Cell_AreaShape_MedianRadius,feature
Cell_AreaShape_MinFeretDiameter,feature
Cell_AreaShape_MinorAxisLength,feature
Cell_AreaShape_NormalizedMoment_0_0,feature
Cell_AreaShape_NormalizedMoment_0_1,feature
Cell_AreaShape_NormalizedMoment_0_2,feature
Cell_AreaShape_NormalizedMoment_0_3,feature
Cell_AreaShape_NormalizedMoment_1_0,feature
Cell_AreaShape_NormalizedMoment_1_1,feature
Cell_AreaShape_NormalizedMoment_1_2,feature
Cell_AreaShape_NormalizedMoment_1_3,feature
Cell_AreaShape_NormalizedMoment_2_0,feature
Cell_AreaShape_NormalizedMoment_2_1,feature
Cell_AreaShape_NormalizedMoment_2_2,feature
Cell_AreaShape_NormalizedMoment_2_3,feature
Cell_AreaShape_NormalizedMoment_3_0,feature
Cell_AreaShape_NormalizedMoment_3_1,feature
Cell_AreaShape_NormalizedMoment_3_2,feature
Cell_AreaShape_NormalizedMoment_3_3,feature
Cell_AreaShape_Orientation,feature
Cell_AreaShape_Perimeter,feature
Cell_AreaShape_Solidity,feature
Cell_AreaShape_SpatialMoment_0_0,feature
Cell_AreaShape_SpatialMoment_0_1,feature
Cell_AreaShape_SpatialMoment_0_2,feature
Cell_AreaShape_SpatialMoment_0_3,feature
Cell_AreaShape_SpatialMoment_1_0,feature
Cell_AreaShape_SpatialMoment_1_1,feature
Cell_AreaShape_SpatialMoment_1_2,feature
Cell_AreaShape_SpatialMoment_1_3,feature
Cell_AreaShape_SpatialMoment_2_0,feature
Cell_AreaShape_SpatialMoment_2_1,feature
Cell_AreaShape_SpatialMoment_2_2,feature
Cell_AreaShape_SpatialMoment_2_3,feature
Cell_Children_Mito_spot_Count,feature
Cell_Children_droplets_Count,feature
Cell_Correlation_Correlation_Cellmask_DNA,feature
Cell_Correlation_Correlation_Cellmask_HNF4a,feature
Cell_Correlation_Correlation_Cellmask_MT,feature
Cell_Correlation_Correlation_Cellmask_lipid,feature
Cell_Correlation_Correlation_DNA_HNF4a,feature
Cell_Correlation_Correlation_DNA_MT,feature
Cell_Correlation_Correlation_DNA_lipid,feature
Cell_Correlation_Correlation_HNF4a_MT,feature
Cell_Correlation_Correlation_HNF4a_lipid,feature
Cell_Correlation_Correlation_MT_lipid,feature
Cell_Intensity_IntegratedIntensityEdge_Cellmask,feature
Cell_Intensity_IntegratedIntensityEdge_DNA,feature
Cell_Intensity_IntegratedIntensityEdge_HNF4a,feature
Cell_Intensity_IntegratedIntensityEdge_MT,feature
Cell_Intensity_IntegratedIntensityEdge_lipid,feature
Cell_Intensity_IntegratedIntensity_Cellmask,feature
Cell_Intensity_IntegratedIntensity_DNA,feature
Cell_Intensity_IntegratedIntensity_HNF4a,feature
Cell_Intensity_IntegratedIntensity_MT,feature
Cell_Intensity_IntegratedIntensity_lipid,feature
Cell_Intensity_LowerQuartileIntensity_Cellmask,feature
Cell_Intensity_LowerQuartileIntensity_DNA,feature
Cell_Intensity_LowerQuartileIntensity_HNF4a,feature
Cell_Intensity_LowerQuartileIntensity_MT,feature
Cell_Intensity_LowerQuartileIntensity_lipid,feature
Cell_Intensity_MADIntensity_Cellmask,feature
Cell_Intensity_MADIntensity_DNA,feature
Cell_Intensity_MADIntensity_HNF4a,feature
Cell_Intensity_MADIntensity_MT,feature
Cell_Intensity_MADIntensity_lipid,feature
Cell_Intensity_MassDisplacement_Cellmask,feature
Cell_Intensity_MassDisplacement_DNA,feature
Cell_Intensity_MassDisplacement_HNF4a,feature
Cell_Intensity_MassDisplacement_MT,feature
Cell_Intensity_MassDisplacement_lipid,feature
Cell_Intensity_MaxIntensityEdge_Cellmask,feature
Cell_Intensity_MaxIntensityEdge_DNA,feature
Cell_Intensity_MaxIntensityEdge_HNF4a,feature
Cell_Intensity_MaxIntensityEdge_MT,feature
Cell_Intensity_MaxIntensityEdge_lipid,feature
Cell_Intensity_MaxIntensity_Cellmask,feature
Cell_Intensity_MaxIntensity_DNA,feature
Cell_Intensity_MaxIntensity_HNF4a,feature
Cell_Intensity_MaxIntensity_MT,feature
Cell_Intensity_MaxIntensity_lipid,feature
Cell_Intensity_MeanIntensityEdge_Cellmask,feature
Cell_Intensity_MeanIntensityEdge_DNA,feature
Cell_Intensity_MeanIntensityEdge_HNF4a,feature
Cell_Intensity_MeanIntensityEdge_MT,feature
Cell_Intensity_MeanIntensityEdge_lipid,feature
Cell_Intensity_MeanIntensity_Cellmask,feature
Cell_Intensity_MeanIntensity_DNA,feature
Cell_Intensity_MeanIntensity_HNF4a,feature
Cell_Intensity_MeanIntensity_MT,feature
Cell_Intensity_MeanIntensity_lipid,feature
Cell_Intensity_MedianIntensity_Cellmask,feature
Cell_Intensity_MedianIntensity_DNA,feature
Cell_Intensity_MedianIntensity_HNF4a,feature
Cell_Intensity_MedianIntensity_MT,feature
Cell_Intensity_MedianIntensity_lipid,feature
Cell_Intensity_MinIntensityEdge_Cellmask,feature
Cell_Intensity_MinIntensityEdge_DNA,feature
Cell_Intensity_MinIntensityEdge_HNF4a,feature
Cell_Intensity_MinIntensityEdge_MT,feature
Cell_Intensity_MinIntensityEdge_lipid,feature
Cell_Intensity_MinIntensity_Cellmask,feature
Cell_Intensity_MinIntensity_DNA,feature
Cell_Intensity_MinIntensity_HNF4a,feature
Cell_Intensity_MinIntensity_MT,feature
Cell_Intensity_MinIntensity_lipid,feature
Cell_Intensity_StdIntensityEdge_Cellmask,feature
Cell_Intensity_StdIntensityEdge_DNA,feature
Cell_Intensity_StdIntensityEdge_HNF4a,feature
Cell_Intensity_StdIntensityEdge_MT,feature
Cell_Intensity_StdIntensityEdge_lipid,feature
Cell_Intensity_StdIntensity_Cellmask,feature
Cell_Intensity_StdIntensity_DNA,feature
Cell_Intensity_StdIntensity_HNF4a,feature
Cell_Intensity_StdIntensity_MT,feature
Cell_Intensity_StdIntensity_lipid,feature
Cell_Intensity_UpperQuartileIntensity_Cellmask,feature
Cell_Intensity_UpperQuartileIntensity_DNA,feature
Cell_Intensity_UpperQuartileIntensity_HNF4a,feature
Cell_Intensity_UpperQuartileIntensity_MT,feature
Cell_Intensity_UpperQuartileIntensity_lipid,feature
Cell_Location_CenterMassIntensity_X_Cellmask,feature
Cell_Location_CenterMassIntensity_X_DNA,feature
Cell_Location_CenterMassIntensity_X_HNF4a,feature
Cell_Location_CenterMassIntensity_X_MT,feature
Cell_Location_CenterMassIntensity_X_lipid,feature
Cell_Location_CenterMassIntensity_Y_Cellmask,feature
Cell_Location_CenterMassIntensity_Y_DNA,feature
Cell_Location_CenterMassIntensity_Y_HNF4a,feature
Cell_Location_CenterMassIntensity_Y_MT,feature
Cell_Location_CenterMassIntensity_Y_lipid,feature
Cell_Location_CenterMassIntensity_Z_Cellmask,feature
Cell_Location_CenterMassIntensity_Z_DNA,feature
Cell_Location_CenterMassIntensity_Z_HNF4a,feature
Cell_Location_CenterMassIntensity_Z_MT,feature
Cell_Location_CenterMassIntensity_Z_lipid,feature
Cell_Mean_Mito_spot_AreaShape_Area,feature
Cell_Mean_Mito_spot_AreaShape_Area.1,feature
Cell_Mean_Mito_spot_AreaShape_BoundingBoxArea,feature
Cell_Mean_Mito_spot_AreaShape_BoundingBoxArea.1,feature
Cell_Mean_Mito_spot_AreaShape_BoundingBoxMaximum_X,feature
Cell_Mean_Mito_spot_AreaShape_BoundingBoxMaximum_X.1,feature
Cell_Mean_Mito_spot_AreaShape_BoundingBoxMaximum_Y,feature
Cell_Mean_Mito_spot_AreaShape_BoundingBoxMaximum_Y.1,feature
Cell_Mean_Mito_spot_AreaShape_BoundingBoxMinimum_X,feature
Cell_Mean_Mito_spot_AreaShape_BoundingBoxMinimum_X.1,feature
Cell_Mean_Mito_spot_AreaShape_BoundingBoxMinimum_Y,feature
Cell_Mean_Mito_spot_AreaShape_BoundingBoxMinimum_Y.1,feature
Cell_Mean_Mito_spot_AreaShape_Center_X,metadata
Cell_Mean_Mito_spot_AreaShape_Center_X.1,metadata
Cell_Mean_Mito_spot_AreaShape_Center_Y,metadata
Cell_Mean_Mito_spot_AreaShape_Center_Y.1,metadata
Cell_Mean_Mito_spot_AreaShape_Compactness,feature
Cell_Mean_Mito_spot_AreaShape_Compactness.1,feature
Cell_Mean_Mito_spot_AreaShape_ConvexArea,feature
Cell_Mean_Mito_spot_AreaShape_ConvexArea.1,feature
Cell_Mean_Mito_spot_AreaShape_Eccentricity,feature
Cell_Mean_Mito_spot_AreaShape_Eccentricity.1,feature
Cell_Mean_Mito_spot_AreaShape_EquivalentDiameter,feature
Cell_Mean_Mito_spot_AreaShape_EquivalentDiameter.1,feature
Cell_Mean_Mito_spot_AreaShape_EulerNumber,feature
Cell_Mean_Mito_spot_AreaShape_EulerNumber.1,feature
Cell_Mean_Mito_spot_AreaShape_Extent,feature
Cell_Mean_Mito_spot_AreaShape_Extent.1,feature
Cell_Mean_Mito_spot_AreaShape_FormFactor,feature
Cell_Mean_Mito_spot_AreaShape_FormFactor.1,feature
Cell_Mean_Mito_spot_AreaShape_MajorAxisLength,feature
Cell_Mean_Mito_spot_AreaShape_MajorAxisLength.1,feature
Cell_Mean_Mito_spot_AreaShape_MaxFeretDiameter,feature
Cell_Mean_Mito_spot_AreaShape_MaxFeretDiameter.1,feature
Cell_Mean_Mito_spot_AreaShape_MaximumRadius,feature
Cell_Mean_Mito_spot_AreaShape_MaximumRadius.1,feature
Cell_Mean_Mito_spot_AreaShape_MeanRadius,feature
Cell_Mean_Mito_spot_AreaShape_MeanRadius.1,feature
Cell_Mean_Mito_spot_AreaShape_MedianRadius,feature
Cell_Mean_Mito_spot_AreaShape_MedianRadius.1,feature
Cell_Mean_Mito_spot_AreaShape_MinFeretDiameter,feature
Cell_Mean_Mito_spot_AreaShape_MinFeretDiameter.1,feature
Cell_Mean_Mito_spot_AreaShape_MinorAxisLength,feature
Cell_Mean_Mito_spot_AreaShape_MinorAxisLength.1,feature
Cell_Mean_Mito_spot_AreaShape_Orientation,feature
Cell_Mean_Mito_spot_AreaShape_Orientation.1,feature
Cell_Mean_Mito_spot_AreaShape_Perimeter,feature
Cell_Mean_Mito_spot_AreaShape_Perimeter.1,feature
Cell_Mean_Mito_spot_AreaShape_Solidity,feature
Cell_Mean_Mito_spot_AreaShape_Solidity.1,feature
Cell_Mean_Mito_spot_Distance_Centroid_Cell,feature
Cell_Mean_Mito_spot_Intensity_IntegratedIntensityEdge_MT,feature
Cell_Mean_Mito_spot_Intensity_IntegratedIntensity_MT,feature
Cell_Mean_Mito_spot_Intensity_LowerQuartileIntensity_MT,feature
Cell_Mean_Mito_spot_Intensity_MADIntensity_MT,feature
Cell_Mean_Mito_spot_Intensity_MassDisplacement_MT,feature
Cell_Mean_Mito_spot_Intensity_MaxIntensityEdge_MT,feature
Cell_Mean_Mito_spot_Intensity_MaxIntensity_MT,feature
Cell_Mean_Mito_spot_Intensity_MeanIntensityEdge_MT,feature
Cell_Mean_Mito_spot_Intensity_MeanIntensity_MT,feature
Cell_Mean_Mito_spot_Intensity_MedianIntensity_MT,feature
Cell_Mean_Mito_spot_Intensity_MinIntensityEdge_MT,feature
Cell_Mean_Mito_spot_Intensity_MinIntensity_MT,feature
Cell_Mean_Mito_spot_Intensity_StdIntensityEdge_MT,feature
Cell_Mean_Mito_spot_Intensity_StdIntensity_MT,feature
Cell_Mean_Mito_spot_Intensity_UpperQuartileIntensity_MT,feature
Cell_Mean_Mito_spot_Location_CenterMassIntensity_X_MT,feature
Cell_Mean_Mito_spot_Location_CenterMassIntensity_Y_MT,feature
Cell_Mean_Mito_spot_Location_CenterMassIntensity_Z_MT,feature
Cell_Mean_Mito_spot_Location_Center_X,metadata
Cell_Mean_Mito_spot_Location_Center_Y,metadata
Cell_Mean_Mito_spot_Location_Center_Z,metadata
Cell_Mean_Mito_spot_Location_MaxIntensity_X_MT,feature
Cell_Mean_Mito_spot_Location_MaxIntensity_Y_MT,feature
Cell_Mean_Mito_spot_Location_MaxIntensity_Z_MT,feature
Cell_Mean_Mito_spot_Number_Object_Number,metadata
Cell_Mean_droplets_AreaShape_Area,feature
Cell_Mean_droplets_AreaShape_BoundingBoxArea,feature
Cell_Mean_droplets_AreaShape_BoundingBoxMaximum_X,feature
Cell_Mean_droplets_AreaShape_BoundingBoxMaximum_Y,feature
Cell_Mean_droplets_AreaShape_BoundingBoxMinimum_X,feature
Cell_Mean_droplets_AreaShape_BoundingBoxMinimum_Y,feature
Cell_Mean_droplets_AreaShape_Center_X,metadata
Cell_Mean_droplets_AreaShape_Center_Y,metadata
Cell_Mean_droplets_AreaShape_Compactness,feature
Cell_Mean_droplets_AreaShape_ConvexArea,feature
Cell_Mean_droplets_AreaShape_Eccentricity,feature
Cell_Mean_droplets_AreaShape_EquivalentDiameter,feature
Cell_Mean_droplets_AreaShape_EulerNumber,feature
Cell_Mean_droplets_AreaShape_Extent,feature
Cell_Mean_droplets_AreaShape_FormFactor,feature
Cell_Mean_droplets_AreaShape_MajorAxisLength,feature
Cell_Mean_droplets_AreaShape_MaxFeretDiameter,feature
Cell_Mean_droplets_AreaShape_MaximumRadius,feature
Cell_Mean_droplets_AreaShape_MeanRadius,feature
Cell_Mean_droplets_AreaShape_MedianRadius,feature
Cell_Mean_droplets_AreaShape_MinFeretDiameter,feature
Cell_Mean_droplets_AreaShape_MinorAxisLength,feature
Cell_Mean_droplets_AreaShape_Orientation,feature
Cell_Mean_droplets_AreaShape_Perimeter,feature
Cell_Mean_droplets_AreaShape_Solidity,feature
Cell_Mean_droplets_Distance_Centroid_Cell,feature
Cell_Mean_droplets_Intensity_IntegratedIntensityEdge_lipid,feature
Cell_Mean_droplets_Intensity_IntegratedIntensity_lipid,feature
Cell_Mean_droplets_Intensity_LowerQuartileIntensity_lipid,feature
Cell_Mean_droplets_Intensity_MADIntensity_lipid,feature
Cell_Mean_droplets_Intensity_MassDisplacement_lipid,feature
Cell_Mean_droplets_Intensity_MaxIntensityEdge_lipid,feature
Cell_Mean_droplets_Intensity_MaxIntensity_lipid,feature
Cell_Mean_droplets_Intensity_MeanIntensityEdge_lipid,feature
Cell_Mean_droplets_Intensity_MeanIntensity_lipid,feature
Cell_Mean_droplets_Intensity_MedianIntensity_lipid,feature
Cell_Mean_droplets_Intensity_MinIntensityEdge_lipid,feature
Cell_Mean_droplets_Intensity_MinIntensity_lipid,feature
Cell_Mean_droplets_Intensity_StdIntensityEdge_lipid,feature
Cell_Mean_droplets_Intensity_StdIntensity_lipid,feature
Cell_Mean_droplets_Intensity_UpperQuartileIntensity_lipid,feature
Cell_Mean_droplets_Location_CenterMassIntensity_X_lipid,feature
Cell_Mean_droplets_Location_CenterMassIntensity_Y_lipid,feature
Cell_Mean_droplets_Location_CenterMassIntensity_Z_lipid,feature
Cell_Mean_droplets_Location_Center_X,metadata
Cell_Mean_droplets_Location_Center_Y,metadata
Cell_Mean_droplets_Location_Center_Z,metadata
Cell_Mean_droplets_Location_MaxIntensity_X_lipid,feature
Cell_Mean_droplets_Location_MaxIntensity_Y_lipid,feature
Cell_Mean_droplets_Location_MaxIntensity_Z_lipid,feature
Cell_Mean_droplets_Number_Object_Number,metadata
Cell_Number_Object_Number,metadata
Cell_ObjectSkeleton_NumberBranchEnds_MitoSkel,feature
Cell_ObjectSkeleton_NumberNonTrunkBranches_MitoSkel,feature
Cell_ObjectSkeleton_NumberTrunks_MitoSkel,feature
Cell_ObjectSkeleton_TotalObjectSkeletonLength_MitoSkel,feature
Cell_RadialDistribution_FracAtD_Cellmask_1of6,feature
Cell_RadialDistribution_FracAtD_Cellmask_2of6,feature
Cell_RadialDistribution_FracAtD_Cellmask_3of6,feature
Cell_RadialDistribution_FracAtD_Cellmask_4of6,feature
Cell_RadialDistribution_FracAtD_Cellmask_5of6,feature
Cell_RadialDistribution_FracAtD_Cellmask_6of6,feature
Cell_RadialDistribution_FracAtD_DNA_1of6,feature
Cell_RadialDistribution_FracAtD_DNA_2of6,feature
Cell_RadialDistribution_FracAtD_DNA_3of6,feature
Cell_RadialDistribution_FracAtD_DNA_4of6,feature
Cell_RadialDistribution_FracAtD_DNA_5of6,feature
Cell_RadialDistribution_FracAtD_DNA_6of6,feature
Cell_RadialDistribution_FracAtD_HNF4a_1of6,feature
Cell_RadialDistribution_FracAtD_HNF4a_2of6,feature
Cell_RadialDistribution_FracAtD_HNF4a_3of6,feature
Cell_RadialDistribution_FracAtD_HNF4a_4of6,feature
Cell_RadialDistribution_FracAtD_HNF4a_5of6,feature
Cell_RadialDistribution_FracAtD_HNF4a_6of6,feature
Cell_RadialDistribution_FracAtD_MT_1of6,feature
Cell_RadialDistribution_FracAtD_MT_2of6,feature
Cell_RadialDistribution_FracAtD_MT_3of6,feature
Cell_RadialDistribution_FracAtD_MT_4of6,feature
Cell_RadialDistribution_FracAtD_MT_5of6,feature
Cell_RadialDistribution_FracAtD_MT_6of6,feature
Cell_RadialDistribution_FracAtD_lipid_1of6,feature
Cell_RadialDistribution_FracAtD_lipid_2of6,feature
Cell_RadialDistribution_FracAtD_lipid_3of6,feature
Cell_RadialDistribution_FracAtD_lipid_4of6,feature
Cell_RadialDistribution_FracAtD_lipid_5of6,feature
Cell_RadialDistribution_FracAtD_lipid_6of6,feature
Cell_RadialDistribution_MeanFrac_Cellmask_1of6,feature
Cell_RadialDistribution_MeanFrac_Cellmask_2of6,feature
Cell_RadialDistribution_MeanFrac_Cellmask_3of6,feature
Cell_RadialDistribution_MeanFrac_Cellmask_4of6,feature
Cell_RadialDistribution_MeanFrac_Cellmask_5of6,feature
Cell_RadialDistribution_MeanFrac_Cellmask_6of6,feature
Cell_RadialDistribution_MeanFrac_DNA_1of6,feature
Cell_RadialDistribution_MeanFrac_DNA_2of6,feature
Cell_RadialDistribution_MeanFrac_DNA_3of6,feature
Cell_RadialDistribution_MeanFrac_DNA_4of6,feature
Cell_RadialDistribution_MeanFrac_DNA_5of6,feature
Cell_RadialDistribution_MeanFrac_DNA_6of6,feature
Cell_RadialDistribution_MeanFrac_HNF4a_1of6,feature
Cell_RadialDistribution_MeanFrac_HNF4a_2of6,feature
Cell_RadialDistribution_MeanFrac_HNF4a_3of6,feature
Cell_RadialDistribution_MeanFrac_HNF4a_4of6,feature
Cell_RadialDistribution_MeanFrac_HNF4a_5of6,feature
Cell_RadialDistribution_MeanFrac_HNF4a_6of6,feature
Cell_RadialDistribution_MeanFrac_MT_1of6,feature
Cell_RadialDistribution_MeanFrac_MT_2of6,feature
Cell_RadialDistribution_MeanFrac_MT_3of6,feature
Cell_RadialDistribution_MeanFrac_MT_4of6,feature
Cell_RadialDistribution_MeanFrac_MT_5of6,feature
Cell_RadialDistribution_MeanFrac_MT_6of6,feature
Cell_RadialDistribution_MeanFrac_lipid_1of6,feature
Cell_RadialDistribution_MeanFrac_lipid_2of6,feature
Cell_RadialDistribution_MeanFrac_lipid_3of6,feature
Cell_RadialDistribution_MeanFrac_lipid_4of6,feature
Cell_RadialDistribution_MeanFrac_lipid_5of6,feature
Cell_RadialDistribution_MeanFrac_lipid_6of6,feature
Cell_RadialDistribution_RadialCV_Cellmask_1of6,feature
Cell_RadialDistribution_RadialCV_Cellmask_2of6,feature
Cell_RadialDistribution_RadialCV_Cellmask_3of6,feature
Cell_RadialDistribution_RadialCV_Cellmask_4of6,feature
Cell_RadialDistribution_RadialCV_Cellmask_5of6,feature
Cell_RadialDistribution_RadialCV_Cellmask_6of6,feature
Cell_RadialDistribution_RadialCV_DNA_1of6,feature
Cell_RadialDistribution_RadialCV_DNA_2of6,feature
Cell_RadialDistribution_RadialCV_DNA_3of6,feature
Cell_RadialDistribution_RadialCV_DNA_4of6,feature
Cell_RadialDistribution_RadialCV_DNA_5of6,feature
Cell_RadialDistribution_RadialCV_DNA_6of6,feature
Cell_RadialDistribution_RadialCV_HNF4a_1of6,feature
Cell_RadialDistribution_RadialCV_HNF4a_2of6,feature
Cell_RadialDistribution_RadialCV_HNF4a_3of6,feature
Cell_RadialDistribution_RadialCV_HNF4a_4of6,feature
Cell_RadialDistribution_RadialCV_HNF4a_5of6,feature
Cell_RadialDistribution_RadialCV_HNF4a_6of6,feature
Cell_RadialDistribution_RadialCV_MT_1of6,feature
Cell_RadialDistribution_RadialCV_MT_2of6,feature
Cell_RadialDistribution_RadialCV_MT_3of6,feature
Cell_RadialDistribution_RadialCV_MT_4of6,feature
Cell_RadialDistribution_RadialCV_MT_5of6,feature
Cell_RadialDistribution_RadialCV_MT_6of6,feature
Cell_RadialDistribution_RadialCV_lipid_1of6,feature
Cell_RadialDistribution_RadialCV_lipid_2of6,feature
Cell_RadialDistribution_RadialCV_lipid_3of6,feature
Cell_RadialDistribution_RadialCV_lipid_4of6,feature
Cell_RadialDistribution_RadialCV_lipid_5of6,feature
Cell_RadialDistribution_RadialCV_lipid_6of6,feature
Cytoplasm_Intensity_IntegratedIntensityEdge_Cellmask,feature
Cytoplasm_Intensity_IntegratedIntensityEdge_DNA,feature
Cytoplasm_Intensity_IntegratedIntensityEdge_HNF4a,feature
Cytoplasm_Intensity_IntegratedIntensityEdge_MT,feature
Cytoplasm_Intensity_IntegratedIntensityEdge_lipid,feature
Cytoplasm_Intensity_IntegratedIntensity_Cellmask,feature
Cytoplasm_Intensity_IntegratedIntensity_DNA,feature
Cytoplasm_Intensity_IntegratedIntensity_HNF4a,feature
Cytoplasm_Intensity_IntegratedIntensity_MT,feature
Cytoplasm_Intensity_IntegratedIntensity_lipid,feature
Cytoplasm_Intensity_LowerQuartileIntensity_Cellmask,feature
Cytoplasm_Intensity_LowerQuartileIntensity_DNA,feature
Cytoplasm_Intensity_LowerQuartileIntensity_HNF4a,feature
Cytoplasm_Intensity_LowerQuartileIntensity_MT,feature
Cytoplasm_Intensity_LowerQuartileIntensity_lipid,feature
Cytoplasm_Intensity_MADIntensity_Cellmask,feature
Cytoplasm_Intensity_MADIntensity_DNA,feature
Cytoplasm_Intensity_MADIntensity_HNF4a,feature
Cytoplasm_Intensity_MADIntensity_MT,feature
Cytoplasm_Intensity_MADIntensity_lipid,feature
Cytoplasm_Intensity_MassDisplacement_Cellmask,feature
Cytoplasm_Intensity_MassDisplacement_DNA,feature
Cytoplasm_Intensity_MassDisplacement_HNF4a,feature
Cytoplasm_Intensity_MassDisplacement_MT,feature
Cytoplasm_Intensity_MassDisplacement_lipid,feature
Cytoplasm_Intensity_MaxIntensityEdge_Cellmask,feature
Cytoplasm_Intensity_MaxIntensityEdge_DNA,feature
Cytoplasm_Intensity_MaxIntensityEdge_HNF4a,feature
Cytoplasm_Intensity_MaxIntensityEdge_MT,feature
Cytoplasm_Intensity_MaxIntensityEdge_lipid,feature
Cytoplasm_Intensity_MaxIntensity_Cellmask,feature
Cytoplasm_Intensity_MaxIntensity_DNA,feature
Cytoplasm_Intensity_MaxIntensity_HNF4a,feature
Cytoplasm_Intensity_MaxIntensity_MT,feature
Cytoplasm_Intensity_MaxIntensity_lipid,feature
Cytoplasm_Intensity_MeanIntensityEdge_Cellmask,feature
Cytoplasm_Intensity_MeanIntensityEdge_DNA,feature
Cytoplasm_Intensity_MeanIntensityEdge_HNF4a,feature
Cytoplasm_Intensity_MeanIntensityEdge_MT,feature
Cytoplasm_Intensity_MeanIntensityEdge_lipid,feature
Cytoplasm_Intensity_MeanIntensity_Cellmask,feature
Cytoplasm_Intensity_MeanIntensity_DNA,feature
Cytoplasm_Intensity_MeanIntensity_HNF4a,feature
Cytoplasm_Intensity_MeanIntensity_MT,feature
Cytoplasm_Intensity_MeanIntensity_lipid,feature
Cytoplasm_Intensity_MedianIntensity_Cellmask,feature
Cytoplasm_Intensity_MedianIntensity_DNA,feature
Cytoplasm_Intensity_MedianIntensity_HNF4a,feature
Cytoplasm_Intensity_MedianIntensity_MT,feature
Cytoplasm_Intensity_MedianIntensity_lipid,feature
Cytoplasm_Intensity_MinIntensityEdge_Cellmask,feature
Cytoplasm_Intensity_MinIntensityEdge_DNA,feature
Cytoplasm_Intensity_MinIntensityEdge_HNF4a,feature
Cytoplasm_Intensity_MinIntensityEdge_MT,feature
Cytoplasm_Intensity_MinIntensityEdge_lipid,feature
Cytoplasm_Intensity_MinIntensity_Cellmask,feature
Cytoplasm_Intensity_MinIntensity_DNA,feature
Cytoplasm_Intensity_MinIntensity_HNF4a,feature
Cytoplasm_Intensity_MinIntensity_MT,feature
Cytoplasm_Intensity_MinIntensity_lipid,feature
Cytoplasm_Intensity_StdIntensityEdge_Cellmask,feature
Cytoplasm_Intensity_StdIntensityEdge_DNA,feature
Cytoplasm_Intensity_StdIntensityEdge_HNF4a,feature
Cytoplasm_Intensity_StdIntensityEdge_MT,feature
Cytoplasm_Intensity_StdIntensityEdge_lipid,feature
Cytoplasm_Intensity_StdIntensity_Cellmask,feature
Cytoplasm_Intensity_StdIntensity_DNA,feature
Cytoplasm_Intensity_StdIntensity_HNF4a,feature
Cytoplasm_Intensity_StdIntensity_MT,feature
Cytoplasm_Intensity_StdIntensity_lipid,feature
Cytoplasm_Intensity_UpperQuartileIntensity_Cellmask,feature
Cytoplasm_Intensity_UpperQuartileIntensity_DNA,feature
Cytoplasm_Intensity_UpperQuartileIntensity_HNF4a,feature
Cytoplasm_Intensity_UpperQuartileIntensity_MT,feature
Cytoplasm_Intensity_UpperQuartileIntensity_lipid,feature
Cytoplasm_Location_CenterMassIntensity_X_Cellmask,feature
Cytoplasm_Location_CenterMassIntensity_X_DNA,feature
Cytoplasm_Location_CenterMassIntensity_X_HNF4a,feature
Cytoplasm_Location_CenterMassIntensity_X_MT,feature
Cytoplasm_Location_CenterMassIntensity_X_lipid,feature
Cytoplasm_Location_CenterMassIntensity_Y_Cellmask,feature
Cytoplasm_Location_CenterMassIntensity_Y_DNA,feature
Cytoplasm_Location_CenterMassIntensity_Y_HNF4a,feature
Cytoplasm_Location_CenterMassIntensity_Y_MT,feature
Cytoplasm_Location_CenterMassIntensity_Y_lipid,feature
Cytoplasm_Location_CenterMassIntensity_Z_Cellmask,feature
Cytoplasm_Location_CenterMassIntensity_Z_DNA,feature
Cytoplasm_Location_CenterMassIntensity_Z_HNF4a,feature
Cytoplasm_Location_CenterMassIntensity_Z_MT,feature
Cytoplasm_Location_CenterMassIntensity_Z_lipid,feature
Cytoplasm_Number_Object_Number,metadata
Nucleus_AreaShape_Area,feature
Nucleus_AreaShape_BoundingBoxArea,feature
Nucleus_AreaShape_BoundingBoxMaximum_X,feature
Nucleus_AreaShape_BoundingBoxMaximum_Y,feature
Nucleus_AreaShape_BoundingBoxMinimum_X,feature
Nucleus_AreaShape_BoundingBoxMinimum_Y,feature
Nucleus_AreaShape_Center_X,metadata
Nucleus_AreaShape_Center_Y,metadata
Nucleus_AreaShape_CentralMoment_0_0,feature
Nucleus_AreaShape_CentralMoment_0_1,feature
Nucleus_AreaShape_CentralMoment_0_2,feature
Nucleus_AreaShape_CentralMoment_0_3,feature
Nucleus_AreaShape_CentralMoment_1_0,feature
Nucleus_AreaShape_CentralMoment_1_1,feature
Nucleus_AreaShape_CentralMoment_1_2,feature
Nucleus_AreaShape_CentralMoment_1_3,feature
Nucleus_AreaShape_CentralMoment_2_0,feature
Nucleus_AreaShape_CentralMoment_2_1,feature
Nucleus_AreaShape_CentralMoment_2_2,feature
Nucleus_AreaShape_CentralMoment_2_3,feature
Nucleus_AreaShape_Compactness,feature
Nucleus_AreaShape_ConvexArea,feature
Nucleus_AreaShape_Eccentricity,feature
Nucleus_AreaShape_EquivalentDiameter,feature
Nucleus_AreaShape_EulerNumber,feature
Nucleus_AreaShape_Extent,feature
Nucleus_AreaShape_FormFactor,feature
Nucleus_AreaShape_HuMoment_0,feature
Nucleus_AreaShape_HuMoment_1,feature
Nucleus_AreaShape_HuMoment_2,feature
Nucleus_AreaShape_HuMoment_3,feature
Nucleus_AreaShape_HuMoment_4,feature
Nucleus_AreaShape_HuMoment_5,feature
Nucleus_AreaShape_HuMoment_6,feature
Nucleus_AreaShape_InertiaTensorEigenvalues_0,feature
Nucleus_AreaShape_InertiaTensorEigenvalues_1,feature
Nucleus_AreaShape_InertiaTensor_0_0,feature
Nucleus_AreaShape_InertiaTensor_0_1,feature
Nucleus_AreaShape_InertiaTensor_1_0,feature
Nucleus_AreaShape_InertiaTensor_1_1,feature
Nucleus_AreaShape_MajorAxisLength,feature
Nucleus_AreaShape_MaxFeretDiameter,feature
Nucleus_AreaShape_MaximumRadius,feature
Nucleus_AreaShape_MeanRadius,feature
Nucleus_AreaShape_MedianRadius,feature
Nucleus_AreaShape_MinFeretDiameter,feature
Nucleus_AreaShape_MinorAxisLength,feature
Nucleus_AreaShape_NormalizedMoment_0_0,feature
Nucleus_AreaShape_NormalizedMoment_0_1,feature
Nucleus_AreaShape_NormalizedMoment_0_2,feature
Nucleus_AreaShape_NormalizedMoment_0_3,feature
Nucleus_AreaShape_NormalizedMoment_1_0,feature
Nucleus_AreaShape_NormalizedMoment_1_1,feature
Nucleus_AreaShape_NormalizedMoment_1_2,feature
Nucleus_AreaShape_NormalizedMoment_1_3,feature
Nucleus_AreaShape_NormalizedMoment_2_0,feature
Nucleus_AreaShape_NormalizedMoment_2_1,feature
Nucleus_AreaShape_NormalizedMoment_2_2,feature
Nucleus_AreaShape_NormalizedMoment_2_3,feature
Nucleus_AreaShape_NormalizedMoment_3_0,feature
Nucleus_AreaShape_NormalizedMoment_3_1,feature
Nucleus_AreaShape_NormalizedMoment_3_2,feature
Nucleus_AreaShape_NormalizedMoment_3_3,feature
Nucleus_AreaShape_Orientation,feature
Nucleus_AreaShape_Perimeter,feature
Nucleus_AreaShape_Solidity,feature
Nucleus_AreaShape_SpatialMoment_0_0,feature
Nucleus_AreaShape_SpatialMoment_0_1,feature
Nucleus_AreaShape_SpatialMoment_0_2,feature
Nucleus_AreaShape_SpatialMoment_0_3,feature
Nucleus_AreaShape_SpatialMoment_1_0,feature
Nucleus_AreaShape_SpatialMoment_1_1,feature
Nucleus_AreaShape_SpatialMoment_1_2,feature
Nucleus_AreaShape_SpatialMoment_1_3,feature
Nucleus_AreaShape_SpatialMoment_2_0,feature
Nucleus_AreaShape_SpatialMoment_2_1,feature
Nucleus_AreaShape_SpatialMoment_2_2,feature
Nucleus_AreaShape_SpatialMoment_2_3,feature
Nucleus_Correlation_Correlation_Cellmask_DNA,feature
Nucleus_Correlation_Correlation_Cellmask_HNF4a,feature
Nucleus_Correlation_Correlation_Cellmask_MT,feature
Nucleus_Correlation_Correlation_Cellmask_lipid,feature
Nucleus_Correlation_Correlation_DNA_HNF4a,feature
Nucleus_Correlation_Correlation_DNA_MT,feature
Nucleus_Correlation_Correlation_DNA_lipid,feature
Nucleus_Correlation_Correlation_HNF4a_MT,feature
Nucleus_Correlation_Correlation_HNF4a_lipid,feature
Nucleus_Correlation_Correlation_MT_lipid,feature
Nucleus_Intensity_IntegratedIntensityEdge_Cellmask,feature
Nucleus_Intensity_IntegratedIntensityEdge_DNA,feature
Nucleus_Intensity_IntegratedIntensityEdge_HNF4a,feature
Nucleus_Intensity_IntegratedIntensityEdge_MT,feature
Nucleus_Intensity_IntegratedIntensityEdge_lipid,feature
Nucleus_Intensity_IntegratedIntensity_Cellmask,feature
Nucleus_Intensity_IntegratedIntensity_DNA,feature
Nucleus_Intensity_IntegratedIntensity_HNF4a,feature
Nucleus_Intensity_IntegratedIntensity_MT,feature
Nucleus_Intensity_IntegratedIntensity_lipid,feature
Nucleus_Intensity_LowerQuartileIntensity_Cellmask,feature
Nucleus_Intensity_LowerQuartileIntensity_DNA,feature
Nucleus_Intensity_LowerQuartileIntensity_HNF4a,feature
Nucleus_Intensity_LowerQuartileIntensity_MT,feature
Nucleus_Intensity_LowerQuartileIntensity_lipid,feature
Nucleus_Intensity_MADIntensity_Cellmask,feature
Nucleus_Intensity_MADIntensity_DNA,feature
Nucleus_Intensity_MADIntensity_HNF4a,feature
Nucleus_Intensity_MADIntensity_MT,feature
Nucleus_Intensity_MADIntensity_lipid,feature
Nucleus_Intensity_MassDisplacement_Cellmask,feature
Nucleus_Intensity_MassDisplacement_DNA,feature
Nucleus_Intensity_MassDisplacement_HNF4a,feature
Nucleus_Intensity_MassDisplacement_MT,feature
Nucleus_Intensity_MassDisplacement_lipid,feature
Nucleus_Intensity_MaxIntensityEdge_Cellmask,feature
Nucleus_Intensity_MaxIntensityEdge_DNA,feature
Nucleus_Intensity_MaxIntensityEdge_HNF4a,feature
Nucleus_Intensity_MaxIntensityEdge_MT,feature
Nucleus_Intensity_MaxIntensityEdge_lipid,feature
Nucleus_Intensity_MaxIntensity_Cellmask,feature
Nucleus_Intensity_MaxIntensity_DNA,feature
Nucleus_Intensity_MaxIntensity_HNF4a,feature
Nucleus_Intensity_MaxIntensity_MT,feature
Nucleus_Intensity_MaxIntensity_lipid,feature
Nucleus_Intensity_MeanIntensityEdge_Cellmask,feature
Nucleus_Intensity_MeanIntensityEdge_DNA,feature
Nucleus_Intensity_MeanIntensityEdge_HNF4a,feature
Nucleus_Intensity_MeanIntensityEdge_MT,feature
Nucleus_Intensity_MeanIntensityEdge_lipid,feature
Nucleus_Intensity_MeanIntensity_Cellmask,feature
Nucleus_Intensity_MeanIntensity_DNA,feature
Nucleus_Intensity_MeanIntensity_HNF4a,feature
Nucleus_Intensity_MeanIntensity_MT,feature
Nucleus_Intensity_MeanIntensity_lipid,feature
Nucleus_Intensity_MedianIntensity_Cellmask,feature
Nucleus_Intensity_MedianIntensity_DNA,feature
Nucleus_Intensity_MedianIntensity_HNF4a,feature
Nucleus_Intensity_MedianIntensity_MT,feature
Nucleus_Intensity_MedianIntensity_lipid,feature
Nucleus_Intensity_MinIntensityEdge_Cellmask,feature
Nucleus_Intensity_MinIntensityEdge_DNA,feature
Nucleus_Intensity_MinIntensityEdge_HNF4a,feature
Nucleus_Intensity_MinIntensityEdge_MT,feature
Nucleus_Intensity_MinIntensityEdge_lipid,feature
Nucleus_Intensity_MinIntensity_Cellmask,feature
Nucleus_Intensity_MinIntensity_DNA,feature
Nucleus_Intensity_MinIntensity_HNF4a,feature
Nucleus_Intensity_MinIntensity_MT,feature
Nucleus_Intensity_MinIntensity_lipid,feature
Nucleus_Intensity_StdIntensityEdge_Cellmask,feature
Nucleus_Intensity_StdIntensityEdge_DNA,feature
Nucleus_Intensity_StdIntensityEdge_HNF4a,feature
Nucleus_Intensity_StdIntensityEdge_MT,feature
Nucleus_Intensity_StdIntensityEdge_lipid,feature
Nucleus_Intensity_StdIntensity_Cellmask,feature
Nucleus_Intensity_StdIntensity_DNA,feature
Nucleus_Intensity_StdIntensity_HNF4a,feature
Nucleus_Intensity_StdIntensity_MT,feature
Nucleus_Intensity_StdIntensity_lipid,feature
Nucleus_Intensity_UpperQuartileIntensity_Cellmask,feature
Nucleus_Intensity_UpperQuartileIntensity_DNA,feature
Nucleus_Intensity_UpperQuartileIntensity_HNF4a,feature
Nucleus_Intensity_UpperQuartileIntensity_MT,feature
Nucleus_Intensity_UpperQuartileIntensity_lipid,feature
Nucleus_Location_CenterMassIntensity_X_Cellmask,feature
Nucleus_Location_CenterMassIntensity_X_DNA,feature
Nucleus_Location_CenterMassIntensity_X_HNF4a,feature
Nucleus_Location_CenterMassIntensity_X_MT,feature
Nucleus_Location_CenterMassIntensity_X_lipid,feature
Nucleus_Location_CenterMassIntensity_Y_Cellmask,feature
Nucleus_Location_CenterMassIntensity_Y_DNA,feature
Nucleus_Location_CenterMassIntensity_Y_HNF4a,feature
Nucleus_Location_CenterMassIntensity_Y_MT,feature
Nucleus_Location_CenterMassIntensity_Y_lipid,feature
Nucleus_Location_CenterMassIntensity_Z_Cellmask,feature
Nucleus_Location_CenterMassIntensity_Z_DNA,feature
Nucleus_Location_CenterMassIntensity_Z_HNF4a,feature
Nucleus_Location_CenterMassIntensity_Z_MT,feature
Nucleus_Location_CenterMassIntensity_Z_lipid,feature
Nucleus_Number_Object_Number,metadata
Metadata_SourceFolder,metadata
